{
    "CODE": "ok",
    "DATA": {
        "TotalCount": 26,
        "PageCount": 6,
        "PageNumber": 1,
        "PageSize": 5,
        "OrderList": [
            {
                "name": "chocolate",
                "intro": "chocolate chocolate",
                "type": "food",
                "status":"much",
                "createTime":"1408679814"
            },
            {
                "name": "apple",
                "intro": "apple apple",
                "type": "food",
                "status":"much",
                "createTime":"1400179814"
            },
            {
                "name": "badminton",
                "intro": "badminton badminton",
                "type": "sporting goods",
                "status":"none",
                "createTime":"1403679814"
            },
            {
                "name": "mineral water",
                "intro": "mineral water",
                "type": "drinks",
                "status":"much",
                "createTime":"1400179814"
            },
            {
                "name": "slippers",
                "intro": "slippers slippers",
                "type": "daily necessities",
                "status":"less",
                "createTime":"1403679814"
            }
        ]
    }
}